{"late": 0.9962462462462458, "early": 1.2739239239239233}