{"late": 0.8945195195195195, "early": 1.5744494494494496}