{"late": 1.7819069069069071, "early": 0.7361111111111112}