{"late": 1.0812812812812815, "early": 0.5435435435435437}