{"late": 1.0000000000000004, "early": 0.35375375375375395}